V1,V2,V3,V4,V5
-0.8686203956604,9.19697284698486,5.8141450881958,8.38100719451904,2.50975227355957
0.892970979213715,5.61399555206299,8.17134189605713,8.44822025299072,0.803392052650452
0.936981379985809,7.03626012802124,7.27806377410889,7.80014896392822,-0.999500393867493
2.12238669395447,8.26243114471436,8.23928928375244,6.53885650634766,-0.0767993032932281
3.2816789150238,8.1523265838623,6.19170618057251,9.49843883514404,-0.39458754658699
3.1514310836792,8.51028156280518,6.15848970413208,8.38168811798096,0.0290589779615402
-0.317997246980667,10.5000448226929,5.83687829971313,7.39564847946167,0.436538964509964
1.5246696472168,6.77262449264526,8.5456371307373,7.45480442047119,0.359728664159775
2.35051083564758,10.1796817779541,6.4906120300293,7.60787010192871,3.45108532905579
1.33906507492065,9.23791694641113,6.47080373764038,9.00310802459717,-1.53395223617554
0.546355009078979,10.3888339996338,8.23215961456299,8.12125492095947,2.43307423591614
1.72603642940521,9.97284126281738,7.7255334854126,8.92526531219482,-2.05690288543701
0.130447864532471,7.1178150177002,7.13954067230225,7.55531597137451,-0.969348907470703
0.870617985725403,7.50851488113403,6.21221876144409,7.3852481842041,0.897484004497528
2.26608419418335,6.7627100944519,9.69330310821533,8.96097373962402,0.306857615709305
-0.365090221166611,10.2172422409058,6.05248641967773,8.77869129180908,-3.1208860874176
-0.0865923836827278,6.21513080596924,7.51383543014526,6.64250230789185,-0.135260283946991
0.0746671184897423,9.61532020568848,7.42788124084473,9.0552396774292,-0.485702991485596
1.49561560153961,8.15912055969238,3.81317520141602,9.52052974700928,1.30353474617004
0.212371274828911,8.44213676452637,7.45024585723877,8.66173076629639,-1.61953389644623
0.0412886701524258,9.44560718536377,5.01348924636841,8.74810409545898,1.33620619773865
1.76384294033051,8.64335632324219,5.93318319320679,8.04972648620605,0.0570514313876629
0.165554419159889,9.70579433441162,7.17783641815186,7.30855560302734,0.118889406323433
0.0529137216508389,7.57895803451538,5.1456151008606,8.25591373443604,1.27221024036407
0.00847289524972439,7.21494817733765,7.91520404815674,7.06175994873047,-0.509535729885101
1.08787071704865,7.54810619354248,8.44380950927734,6.92496061325073,-0.451523154973984
1.29381382465363,6.88449048995972,8.39878463745117,7.50910806655884,1.24092376232147
2.32041764259338,8.6463565826416,6.1913948059082,5.91824245452881,-0.755762577056885
0.716119349002838,8.26157093048096,7.90874910354614,9.1743049621582,-0.0174727495759726
0.811969339847565,6.0620002746582,7.99930429458618,6.8502950668335,-1.26996552944183
-0.124679580330849,8.90993404388428,4.79049825668335,7.7438793182373,1.96180033683777
0.12808533012867,7.69214296340942,8.67742252349854,8.50018501281738,-0.108602114021778
1.32006072998047,6.46363687515259,6.63458347320557,8.16228103637695,1.45936548709869
1.03164970874786,8.0729866027832,7.58389616012573,7.36964273452759,0.000883637170773
0.819380939006805,7.40540838241577,8.60057640075684,6.94955539703369,-1.73401319980621
0.887995183467865,8.67788505554199,6.75914907455444,7.81784915924072,0.195320770144463
-1.00897264480591,6.9889121055603,5.63288068771362,6.89649438858032,0.11178969591856
1.9268456697464,7.28262329101562,7.33144235610962,8.37306880950928,1.57638740539551
0.794635236263275,6.72752571105957,8.07605361938477,8.17939853668213,0.351882070302963
1.54913997650146,8.86455726623535,7.56625080108643,7.51865720748901,-1.34918010234833
1.44939529895782,6.23363208770752,7.99472999572754,7.98488616943359,-2.14587640762329
0.459659248590469,8.13105583190918,6.37858533859253,10.2654371261597,1.49594557285309
1.40729701519012,8.9222936630249,7.92787027359009,9.73255348205566,0.712244153022766
0.723988831043243,6.9661226272583,6.3816123008728,8.51531028747559,1.12719511985779
1.89719712734222,6.72733116149902,7.39972400665283,6.28601598739624,-0.148260548710823
1.73959183692932,8.72247219085693,6.35297012329102,7.35691833496094,1.12966346740723
1.17155241966248,8.93594932556152,7.26364803314209,7.8486475944519,-0.0223483629524708
2.04554915428162,11.7134771347046,4.99616193771362,8.27699756622314,1.78894376754761
1.5867121219635,7.40742444992065,6.90111351013184,6.76396322250366,0.370031028985977
-0.243673831224442,6.92776107788086,5.83465576171875,8.47683143615723,-0.877600431442261
0.517800450325012,7.86713790893555,8.10229587554932,7.53610134124756,-1.41680836677551
0.535132050514221,7.0102653503418,5.65353107452393,8.20114326477051,-0.550423860549927
1.47529852390289,7.84337329864502,7.91446781158447,9.62636470794678,0.147681504487991
2.55975937843323,8.78339004516602,5.39243793487549,8.70324802398682,-0.600115835666656
0.33074814081192,8.15708065032959,8.13795566558838,9.10458087921143,-0.66925448179245
3.24664568901062,7.96222686767578,5.75189161300659,7.84317970275879,-0.115099519491196
-0.882730841636658,8.52999019622803,7.89685726165771,9.58771705627441,0.502385914325714
2.31431221961975,6.99300670623779,9.39566230773926,8.42680358886719,0.742591738700867
0.107418552041054,7.95854330062866,5.98665809631348,7.84864711761475,1.5297337770462
1.01241278648376,8.94069957733154,6.31151962280273,9.01875877380371,0.763191759586334
0.476712077856064,8.21220207214355,7.87559080123901,8.50624179840088,-1.77510821819305
0.00792986340820789,7.92733001708984,7.16016340255737,8.45514011383057,-0.0641303360462189
2.241046667099,9.20820903778076,7.73663473129272,9.51909637451172,-1.12622773647308
2.24106335639954,10.3008804321289,7.61359834671021,9.72851943969727,-1.07817018032074
2.04855918884277,7.30010271072388,5.76318168640137,6.7072811126709,-0.552145481109619
-1.08533370494843,9.03843593597412,6.4151725769043,8.71923732757568,0.649678647518158
0.686998844146729,8.27740573883057,5.85713768005371,8.22054767608643,0.675150632858276
1.90185868740082,7.0027961730957,4.30582332611084,11.0030546188354,1.18236947059631
1.95939338207245,8.79858589172363,7.97819757461548,8.85031032562256,1.26012396812439
0.31212106347084,5.65033626556396,10.8628692626953,8.33566761016846,-1.28912615776062
-2.41503834724426,7.80216979980469,5.78586769104004,9.25516319274902,-0.120974160730839
0.868053376674652,9.10735988616943,5.67690086364746,7.74004793167114,-0.662747442722321
-0.0679065734148026,9.48952198028564,6.24509906768799,9.55126190185547,-0.15802389383316
1.9550940990448,6.96395683288574,7.47313117980957,10.6264028549194,0.476920455694199
-0.54279899597168,7.61958742141724,5.59996652603149,7.88057231903076,-0.966619670391083
-0.826476037502289,10.9958086013794,6.72555685043335,8.67547130584717,-0.232926219701767
1.68776750564575,7.42304944992065,6.64137315750122,10.5458889007568,-1.99393367767334
1.04436993598938,9.73522567749023,6.95137071609497,5.61523103713989,-1.80608689785004
2.85150718688965,8.1228199005127,5.25820684432983,7.60897874832153,4.18057107925415
1.8627552986145,6.01532793045044,8.4883975982666,8.59023952484131,0.0135607765987515
1.09041249752045,9.88731002807617,6.45536994934082,8.26571178436279,0.00951752718538046
0.668145656585693,7.75407600402832,7.41622686386108,8.21168231964111,-0.0415774285793304
3.59198236465454,8.76696872711182,8.50462818145752,9.63410949707031,-0.374230742454529
0.235492408275604,8.45328521728516,7.0730414390564,8.52598285675049,-2.57836842536926
3.01864337921143,8.04289817810059,5.81132173538208,8.32158470153809,-0.992761850357056
2.32942342758179,7.86719703674316,7.4365439414978,9.02336597442627,0.732230663299561
0.626823306083679,8.12003517150879,8.98618030548096,9.15548038482666,-0.201585680246353
0.700370788574219,8.37746429443359,7.5181622505188,7.02566289901733,-1.05829286575317
1.91397941112518,6.32116746902466,9.73878288269043,6.14476871490479,1.71762275695801
0.440031290054321,7.45990657806396,6.62280130386353,7.90947961807251,1.68527770042419
0.985722780227661,9.09444332122803,5.98501586914062,8.28827095031738,0.240656435489655
3.60532116889954,9.16568374633789,8.72985172271729,7.31130409240723,0.798883318901062
0.757979273796082,6.91707420349121,7.97474718093872,9.8994312286377,-1.17357170581818
0.534709513187408,8.24199199676514,7.60257148742676,6.69773817062378,0.868676483631134
0.492476344108582,6.30523300170898,8.92760372161865,7.63243865966797,-1.45205354690552
0.320856392383575,7.47358560562134,7.43303775787354,7.53929233551025,-0.837587237358093
1.41068208217621,8.70524787902832,7.66201257705688,7.64352893829346,1.55309104919434
2.54070520401001,8.75347328186035,6.30944490432739,6.6893515586853,0.246404483914375
-1.44500410556793,7.44853019714355,6.67460870742798,7.52750682830811,0.737567543983459
-0.558445632457733,8.61115169525146,4.78053522109985,8.8878345489502,-0.9348224401474
0.877648890018463,7.97442245483398,6.7765736579895,8.85397243499756,-1.33471524715424
0.558764159679413,6.56860637664795,8.832932472229,8.02083587646484,0.169581457972527
2.88231730461121,7.25635576248169,6.74064350128174,9.79984760284424,0.433166474103928
-2.09624552726746,9.01449489593506,7.20238733291626,6.17245197296143,2.19552159309387
1.30798280239105,8.88091850280762,5.77219343185425,7.56102848052979,0.0875444114208221
0.429555058479309,7.16284608840942,6.75249528884888,8.53254890441895,-0.216846778988838
-0.475695908069611,6.22357177734375,8.92221736907959,7.73990821838379,1.48449957370758
1.8016357421875,8.30460166931152,5.94480228424072,7.10438013076782,1.04681694507599
1.29284083843231,7.76788091659546,6.72898721694946,8.23496437072754,0.636989533901215
-0.22716212272644,8.30123043060303,8.37684345245361,8.30580043792725,1.87444269657135
1.9667444229126,8.3803653717041,9.00691032409668,11.7320070266724,-0.196118354797363
-0.524899840354919,6.66422462463379,4.94201898574829,4.92480993270874,-0.562660336494446
2.44074153900146,7.58033561706543,6.99207639694214,8.07528018951416,-1.50351178646088
0.00691995769739151,7.70674276351929,6.69030332565308,7.56427001953125,0.285592615604401
0.450977802276611,9.18705368041992,6.04908990859985,8.05312347412109,-0.0797594413161278
-1.2123818397522,8.73860931396484,7.41274166107178,6.34785652160645,1.46480679512024
0.164651289582253,6.618492603302,6.19664144515991,7.22399187088013,2.74902009963989
2.05133867263794,8.75986194610596,6.50208806991577,10.0481376647949,-0.114693991839886
1.07751703262329,8.90853118896484,7.49027252197266,7.07607841491699,0.799881219863892
3.21716594696045,7.45512294769287,8.62190532684326,8.69305801391602,-1.74797916412354
-0.814045548439026,9.71509075164795,7.77534437179565,7.25344753265381,-1.3660032749176
2.53021788597107,8.41666221618652,6.13891649246216,8.11317729949951,1.27524101734161
0.528302013874054,5.91855382919312,-2.17021131515503,1.77577817440033,7.81669187545776
-2.15765738487244,9.54642677307129,-0.7470623254776,-0.0145524349063635,9.4343090057373
-1.89152097702026,6.35896348953247,-0.346186816692352,-0.16053432226181,9.75871276855469
-2.6161961555481,7.74322843551636,0.325117468833923,-2.21489644050598,6.77505207061768
-0.487893909215927,8.2992057800293,-1.65773320198059,0.726712584495544,5.02242755889893
-2.6652295589447,6.99105930328369,-2.23278021812439,1.83000063896179,10.382869720459
-0.52632874250412,6.05773210525513,-2.70993399620056,-0.822501122951508,8.43845653533936
-2.22549867630005,6.6316123008728,2.5623881816864,-1.70373868942261,8.13054847717285
-0.187193915247917,7.19390964508057,-0.103839911520481,0.474391013383865,9.09715843200684
0.972936153411865,6.54568576812744,-2.31253147125244,-0.708779096603394,6.68326902389526
0.388104379177094,11.2054347991943,-2.56929111480713,-0.272089332342148,7.6222939491272
0.620292603969574,9.33632373809814,-2.14018106460571,-1.71401917934418,7.12850189208984
-0.48292601108551,8.64760208129883,-0.860072255134583,0.382595211267471,6.83591604232788
-0.959286332130432,7.8259449005127,-1.00015592575073,0.74541300535202,7.82613849639893
0.373374879360199,6.70238256454468,-1.1062890291214,-1.11684000492096,7.02530813217163
-1.70092058181763,7.01762294769287,-1.72953915596008,2.16452240943909,7.38297128677368
-1.68628799915314,8.09842967987061,-1.66957294940948,-0.30718457698822,8.22845554351807
-0.136711061000824,6.50800323486328,0.506247818470001,-0.31041955947876,7.14883613586426
0.293372482061386,6.99546957015991,-3.73135662078857,1.25510251522064,8.47189903259277
-0.370149403810501,7.68189430236816,-2.15833210945129,-1.08737969398499,10.3851909637451
-1.04477393627167,9.5628719329834,-1.97389996051788,1.34302377700806,9.11940956115723
-2.55987215042114,7.9685525894165,-0.242359846830368,-1.44709169864655,7.42087268829346
-0.506775796413422,8.11332321166992,-0.656892836093903,0.108519650995731,8.10421943664551
-1.38506472110748,7.615318775177,-0.148367688059807,0.249889075756073,7.47919845581055
-0.939157545566559,7.96800518035889,-0.361366897821426,0.642595171928406,10.3780736923218
-1.7247062921524,9.55070304870605,-0.889247298240662,1.10140883922577,8.96644496917725
-2.00513100624084,9.61016845703125,-0.911127865314484,1.08525025844574,8.24769020080566
0.00108842318877578,10.4323110580444,-1.56483590602875,-0.536547899246216,8.38366317749023
-1.43742513656616,8.17174530029297,-2.65000915527344,-1.88711667060852,9.40876388549805
-0.317554414272308,8.26651287078857,-3.52744555473328,0.53086656332016,8.79823780059814
0.0431163497269154,6.09967422485352,-0.629718005657196,0.037643488496542,6.7756929397583
0.123024418950081,8.87853908538818,-1.30364048480988,-1.2748908996582,6.23795461654663
-2.78802227973938,8.25309562683105,0.594186067581177,-0.85376501083374,8.54863929748535
-1.31430745124817,7.81836462020874,0.72813868522644,-0.273122310638428,5.17578983306885
-1.51508009433746,7.82491397857666,-1.36677086353302,-1.42692542076111,8.46005058288574
-2.56649017333984,7.36387634277344,-2.27422690391541,-0.587524652481079,7.71580600738525
-0.584744513034821,10.4955453872681,-1.49061810970306,0.311180919408798,9.0954532623291
0.862760066986084,7.2323203086853,-2.46141958236694,1.20382034778595,8.85782623291016
-1.47198784351349,7.73338270187378,-1.66686081886292,-1.43280339241028,7.11698150634766
-1.50357234477997,8.27421379089355,0.92609977722168,-0.27978977560997,9.72874069213867
-1.56703090667725,7.91250658035278,-1.40264582633972,-0.42478483915329,11.0795698165894
-2.76320624351501,6.71779489517212,2.49044585227966,1.30010151863098,7.87885570526123
0.110538810491562,7.61995697021484,-2.09345817565918,-2.30499410629272,6.40044212341309
-1.74382388591766,7.17962980270386,-1.16580665111542,0.124195463955402,10.0386714935303
-1.20189654827118,7.2689733505249,-0.833950102329254,0.444648444652557,7.52463340759277
-1.73776996135712,9.76359367370605,0.676960051059723,0.327622503042221,8.34175300598145
-1.38173043727875,9.0663480758667,-1.90195763111115,1.1962673664093,8.17245960235596
-1.33213376998901,6.58583641052246,-0.525372743606567,-0.0371589101850986,7.65739250183105
-3.73450207710266,7.67129373550415,-0.0543583482503891,-0.776787340641022,6.52565908432007
-1.63515985012054,6.31263446807861,-2.40920948982239,-0.505671441555023,9.72466087341309
-1.29384446144104,6.63221311569214,-1.14180338382721,0.575113952159882,8.81130027770996
-0.908897578716278,6.6711483001709,-3.11538505554199,2.12542700767517,8.62519073486328
-3.20668768882751,7.63107824325562,-0.416835367679596,2.62213730812073,9.4960823059082
-1.13242530822754,9.34237098693848,-2.1244523525238,0.585805892944336,8.75180625915527
-1.95844209194183,5.68123054504395,0.92578911781311,0.512148678302765,7.56201362609863
1.65453624725342,8.69959735870361,-0.56403386592865,-0.819501638412476,6.13232231140137
-3.56395959854126,10.3598718643188,-1.46593344211578,-0.399298757314682,11.4745178222656
-1.55659568309784,9.70859050750732,-0.251294016838074,-1.12070274353027,7.37841796875
-1.84842801094055,7.99963998794556,0.0206150971353054,1.75270986557007,10.8905897140503
-3.91179299354553,7.46001529693604,-0.85504561662674,0.485179573297501,6.49714136123657
-2.68222379684448,6.06043291091919,-0.861047208309174,-0.544581234455109,10.0793800354004
-0.751050412654877,9.16829395294189,1.88343214988708,-1.20314657688141,8.74421787261963
0.0544053092598915,10.1402788162231,0.455073356628418,-0.701846480369568,10.0799474716187
-1.2126716375351,10.5544576644897,-0.591205537319183,0.770783722400665,7.80129909515381
-0.801449298858643,7.0536789894104,-2.41974306106567,-0.287266910076141,7.90591144561768
-2.81970000267029,7.14718627929688,1.76629841327667,0.762936651706696,6.25241851806641
-1.56452655792236,10.7612552642822,-2.14573097229004,0.370350569486618,9.21543598175049
-0.458347320556641,6.38179445266724,0.618408739566803,-0.355387598276138,8.27203464508057
0.00276191812008619,8.94806671142578,-1.55373179912567,-1.27910566329956,5.57502794265747
-1.52216386795044,7.45331716537476,0.501211643218994,1.91724300384521,6.26464748382568
0.921564996242523,6.29352426528931,-3.17079091072083,0.0124470647424459,10.2093343734741
-2.67894411087036,10.1068925857544,-0.417172402143478,1.65359091758728,7.08484125137329
-0.413346320390701,8.84455394744873,-1.08426976203918,-0.401690423488617,9.74962329864502
-1.03093838691711,6.96622800827026,-0.535861670970917,-2.12508940696716,6.07614135742188
-0.893410503864288,5.97314834594727,-0.527926504611969,2.10264253616333,7.60439729690552
-2.41793513298035,6.5740647315979,1.54108536243439,0.371212661266327,8.76216316223145
-2.99799919128418,7.13045835494995,-1.13218545913696,0.339296370744705,8.85618782043457
-0.681733071804047,5.17838668823242,0.395794838666916,0.0414724834263325,7.86078071594238
-2.31163120269775,7.38445568084717,0.244289100170135,-1.04355669021606,7.18037414550781
-0.919566988945007,7.08285427093506,-2.06969523429871,2.10175681114197,9.59164428710938
0.423090100288391,6.5275731086731,-1.01649653911591,-1.2457309961319,6.57415676116943
-0.971861481666565,9.15696048736572,-1.29207992553711,-1.88024747371674,8.25034046173096
-0.84121298789978,8.39001083374023,-1.19018518924713,1.35644328594208,8.17149353027344
-1.50212895870209,7.90351152420044,-0.601267993450165,0.171134039759636,4.58071088790894
-1.41059041023254,7.20945978164673,-0.951211452484131,0.311072111129761,8.08158206939697
-2.08329153060913,7.83730220794678,-0.120744667947292,1.55449545383453,9.92075443267822
-1.31864023208618,8.75482273101807,-3.80308628082275,0.86359441280365,7.16990756988525
-2.14495730400085,9.47424411773682,-1.47985243797302,-1.43622255325317,7.50087594985962
-1.99098896980286,9.85155487060547,-1.83598065376282,0.737332046031952,7.74779510498047
-2.17877221107483,7.75672912597656,-1.60592985153198,-0.646076083183289,7.04481410980225
-1.29724395275116,9.96218490600586,-0.708558022975922,0.289551883935928,9.13517189025879
-3.09343791007996,7.71743202209473,-0.680730640888214,-0.949952185153961,8.84490013122559
-1.71602582931519,7.59583425521851,-3.44615435600281,-2.73444104194641,8.99319553375244
-1.69724369049072,7.0218448638916,0.0960977748036385,0.305357694625854,5.23261547088623
-1.87888848781586,8.79673194885254,0.762228190898895,-3.17375731468201,6.83104848861694
0.930417776107788,7.3586540222168,-1.69809412956238,-0.456836611032486,8.42214679718018
-2.27871441841125,7.67648363113403,-1.75699520111084,0.543477833271027,8.29656314849854
2.56305932998657,6.79246520996094,-2.01046943664551,0.775606572628021,6.26547765731812
0.791046440601349,6.21894645690918,-1.02432906627655,-1.92862963676453,6.80501699447632
-0.749792337417603,9.27748107910156,-0.0557415001094341,1.19432437419891,6.29351329803467
0.164826020598412,7.27259016036987,-4.14678525924683,2.06640076637268,8.21745204925537
2.76936888694763,7.46090316772461,-2.02580070495605,2.53656435012817,7.33255195617676
-2.47577452659607,7.80596160888672,-0.238155320286751,-1.35637402534485,9.46996974945068
-3.07886958122253,6.36481428146362,-1.36882066726685,0.685000240802765,6.85423612594604
-1.73753845691681,7.50902032852173,-0.167176604270935,0.432631075382233,6.98571157455444
-2.2705545425415,6.57484340667725,-3.1978235244751,-2.6299831867218,10.1039562225342
-1.80852782726288,7.14911794662476,-0.790911734104156,0.539788961410522,7.89605760574341
-1.61283254623413,9.21452522277832,-0.385713338851929,-0.715137243270874,7.17966032028198
-0.722776293754578,7.34523344039917,-0.572411060333252,0.236340746283531,8.50428867340088
-0.0826726853847504,7.42942953109741,-1.21870374679565,3.01158785820007,8.09857082366943
8.63739585876465,1.31861865520477,9.42547988891602,7.56036520004272,-1.64486443996429
8.21048831939697,0.253216594457626,5.96073484420776,7.35579919815063,-1.30428278446198
4.81877660751343,0.446472764015198,6.97676086425781,6.46743154525757,1.17950928211212
3.97189497947693,1.79318058490753,9.77736949920654,6.9719386100769,0.341515213251114
7.15569067001343,-1.22745835781097,7.70857048034668,7.33155918121338,0.169741272926331
5.67945718765259,1.70836651325226,8.29771041870117,8.02933597564697,0.472830981016159
7.31425714492798,1.2041050195694,10.7422113418579,7.01597166061401,1.13669490814209
4.85727310180664,1.80405700206757,9.62156200408936,5.09879493713379,-0.912909865379333
8.56624889373779,2.22682595252991,9.87923908233643,8.52564811706543,-0.207014888525009
6.95366716384888,1.06023156642914,8.38024520874023,7.67536020278931,1.28552508354187
9.1102819442749,0.980365931987762,8.74823665618896,6.5640344619751,-0.977125406265259
7.04519414901733,1.67595314979553,9.06153297424316,6.75850343704224,1.42436468601227
6.81101512908936,2.77991080284119,8.81078910827637,6.25585222244263,-1.37872803211212
6.71783685684204,-0.123974062502384,9.02579021453857,9.07939052581787,0.274333715438843
6.85432910919189,0.526420891284943,10.5717782974243,7.74368000030518,-0.729381024837494
4.53651857376099,-0.580292880535126,8.40216064453125,5.5342435836792,0.941751778125763
6.21959781646729,0.442226350307465,10.0332298278809,4.88050937652588,0.160877868533134
7.12613582611084,2.27137112617493,9.72750091552734,6.7132306098938,-1.35031926631927
6.09775400161743,1.68922591209412,9.76766872406006,4.76953506469727,0.766606211662292
6.98301839828491,-0.168254122138023,7.14952182769775,4.6882152557373,1.27151548862457
5.23713684082031,2.21636462211609,8.73869228363037,7.00957870483398,-0.481513947248459
6.98819828033447,2.36418890953064,8.9721736907959,7.00008678436279,-1.12212657928467
6.65399074554443,-0.43032294511795,7.92276048660278,5.7125039100647,-0.703597605228424
9.55011653900146,0.184518724679947,8.37991905212402,6.46880960464478,-0.745335280895233
6.41258907318115,1.03653931617737,9.32460975646973,4.6806263923645,0.678644061088562
4.52599668502808,4.09566640853882,9.08957386016846,5.76384305953979,-2.65080094337463
8.26476383209229,-0.23146316409111,7.38544273376465,6.71290254592896,-0.862262368202209
6.89841270446777,2.73414921760559,9.90645503997803,4.6254677772522,0.084553599357605
8.04916763305664,2.35294651985168,10.9673652648926,7.76911735534668,0.10474993288517
6.80320119857788,0.749329745769501,7.68996477127075,7.9124927520752,-1.51130354404449
6.58103275299072,-1.39745509624481,10.2913103103638,7.2784252166748,-0.35428261756897
7.69830894470215,-0.337765783071518,10.1660556793213,5.32096433639526,-0.415036886930466
6.7111029624939,0.216789692640305,8.98604583740234,6.63067054748535,-1.04792749881744
4.84048366546631,1.93750047683716,9.0617618560791,6.09630346298218,-0.456218898296356
6.39842224121094,0.238852515816689,7.26455116271973,5.79502868652344,0.00136924290563911
8.98306751251221,0.539647340774536,7.87590551376343,7.50319671630859,0.621615648269653
9.27151298522949,-0.642450451850891,8.45420265197754,8.67870616912842,1.37174439430237
7.49504899978638,1.67752802371979,7.43704986572266,8.71949481964111,-0.409787803888321
7.60715007781982,-0.348160862922668,10.0445442199707,6.42421340942383,0.667509913444519
6.33522987365723,2.91138672828674,8.93161106109619,7.28343677520752,-0.0387575998902321
9.8967342376709,-0.317750871181488,9.2761287689209,6.96260690689087,0.688304305076599
7.26686859130859,0.054306872189045,10.8690071105957,6.33923292160034,-0.0206517204642296
5.11405181884766,0.245584279298782,9.07395839691162,4.50495100021362,0.330467939376831
7.75293254852295,0.309895724058151,7.08212518692017,5.33434772491455,-1.33673644065857
6.51431560516357,1.18897676467896,8.2911491394043,7.10197305679321,0.56393575668335
5.61563968658447,2.55039572715759,9.63621044158936,4.64663887023926,1.05135262012482
7.0532751083374,1.35168409347534,8.60267925262451,8.05070877075195,0.615331709384918
7.03753757476807,1.1389057636261,8.78413391113281,6.31001853942871,0.013832719065249
9.39570045471191,1.92510056495667,8.50153541564941,8.22331428527832,-0.247481226921082
7.57078313827515,2.93855118751526,12.2347526550293,6.68885374069214,1.38523209095001
8.46918296813965,2.43230581283569,11.2194862365723,8.08140277862549,-0.740540862083435
7.62136507034302,-0.283247411251068,9.18694496154785,6.13448524475098,0.239346697926521
5.5422534942627,-0.0100880265235901,8.5788459777832,5.90780305862427,1.20420122146606
8.20430469512939,1.27874100208282,7.26222515106201,7.53944683074951,-0.135891765356064
5.73538637161255,-0.860306441783905,9.27109718322754,4.33674287796021,1.03830432891846
7.07881879806519,1.90017449855804,10.0539121627808,8.35237789154053,0.271302163600922
5.64770555496216,2.00838112831116,6.85363006591797,6.00892162322998,-0.639466822147369
5.97361946105957,1.37245392799377,8.22858428955078,6.38875484466553,-1.22057127952576
4.823646068573,1.27336895465851,10.1631374359131,8.13957214355469,0.143759414553642
6.343834400177,0.446276783943176,9.39638042449951,7.11622381210327,1.09544479846954
9.16048431396484,0.149948716163635,9.30290031433105,7.50865173339844,-0.139022424817085
7.04389381408691,-0.406998783349991,6.96718692779541,6.75693655014038,0.0378449037671089
4.2729172706604,-0.986022651195526,9.42337894439697,5.84024572372437,-1.65141665935516
6.56692743301392,1.14855659008026,9.03917217254639,7.75565385818481,2.53104615211487
7.23218202590942,-0.835855722427368,9.89578151702881,7.01711463928223,0.702215254306793
9.37614917755127,1.50248456001282,13.0255899429321,5.76925420761108,2.59634327888489
6.982262134552,2.47748994827271,6.96913909912109,6.59261846542358,-0.266472607851028
5.09920263290405,2.76352906227112,8.36263179779053,5.12425422668457,-0.548930764198303
5.71024179458618,0.515652716159821,8.64970874786377,8.79339599609375,1.1777890920639
9.65768718719482,1.4284530878067,8.89808464050293,8.86950778961182,0.0285745020955801
6.83511543273926,2.57096242904663,8.57764720916748,7.05231618881226,-0.0760984346270561
9.95992088317871,0.626085221767426,8.13309383392334,8.15188217163086,-0.489198356866837
7.99300193786621,0.209514766931534,6.43794631958008,8.7319860458374,-2.12961506843567
7.80230331420898,1.50347328186035,9.69926357269287,7.28279399871826,1.65967309474945
8.88579654693604,0.566621363162994,9.4628267288208,6.58633232116699,-0.168578311800957
6.97154569625854,4.31315994262695,7.76300811767578,9.39295196533203,-1.26880943775177
8.07328414916992,0.872334003448486,8.68393039703369,5.45564222335815,-2.30002593994141
9.4081392288208,0.428284078836441,6.54790925979614,7.36956310272217,-1.86952435970306
6.35179758071899,2.9221305847168,8.19311809539795,6.77587652206421,-0.0370306335389614
6.8109564781189,1.51238477230072,8.54796314239502,7.02673768997192,-0.193564519286156
7.79175424575806,2.18857169151306,8.32622146606445,5.64803123474121,-2.31790280342102
6.16107702255249,2.06041407585144,9.0229024887085,8.95534229278564,-0.884441077709198
6.76947593688965,1.07132768630981,8.37443447113037,5.8610634803772,0.0170166436582804
6.6740927696228,1.89446473121643,11.0876808166504,6.72180080413818,-1.2143098115921
6.62099695205688,1.00367844104767,8.65462017059326,4.74334764480591,-0.65362811088562
7.31911182403564,2.83975863456726,8.0965461730957,6.4142861366272,-1.31170666217804
8.74077415466309,1.8210117816925,11.0809860229492,7.58397912979126,1.88247931003571
7.262131690979,1.56131362915039,10.5688180923462,7.14457130432129,-0.80023866891861
6.39424753189087,2.3963303565979,11.4002666473389,5.26650953292847,0.579567968845367
7.36203384399414,0.832334101200104,5.66237258911133,7.40734004974365,-0.431545585393906
8.04005718231201,1.43740236759186,8.70427227020264,6.51744174957275,-2.12907671928406
6.5334677696228,-0.321772277355194,9.21401309967041,5.41218042373657,-0.274278789758682
6.80577850341797,0.0477887205779552,10.1336078643799,6.68461990356445,0.906049251556396
7.55986642837524,2.19798302650452,8.93029880523682,9.82869338989258,1.4698314666748
6.13496351242065,1.79737734794617,10.1426515579224,8.95518493652344,0.986324787139893
8.59719753265381,-0.557424783706665,8.38192272186279,6.86898326873779,0.466093003749847
-1.11543428897858,8.16730117797852,-1.26157546043396,-1.1480313539505,2.39333391189575
2.16667175292969,5.04845285415649,1.79668474197388,0.817107796669006,0.0136656630784273
1.25239658355713,5.06318521499634,-0.151417702436447,-1.88995099067688,1.6891313791275
-1.16077411174774,6.21411514282227,2.3193690776825,-2.96808362007141,-0.521144509315491
0.367382854223251,4.37829828262329,0.734271764755249,-0.627291321754456,2.1966860294342
1.98510384559631,5.04921197891235,1.31307590007782,0.0469990633428097,-0.151703149080276
-1.5000764131546,5.16402530670166,1.12634599208832,-2.98957085609436,-0.869507491588593
1.36491179466248,7.94638252258301,-0.243328735232353,1.46069693565369,-1.21508240699768
-1.7370491027832,5.95627212524414,1.04719018936157,-1.73727321624756,-1.55584645271301
-0.688206613063812,6.17710542678833,-0.101985581219196,-1.80507445335388,0.0369493812322617
-0.491415113210678,8.9199914932251,2.14795851707458,-1.43800508975983,1.57133626937866
1.29410719871521,6.08594036102295,2.15121173858643,0.657398283481598,-0.729928493499756
-0.894453942775726,5.51138353347778,0.272684514522552,-2.57911658287048,0.539649307727814
0.789307534694672,6.31292295455933,0.785038709640503,-0.394664794206619,-1.40430235862732
0.250473320484161,5.10624170303345,2.84310746192932,-1.67755830287933,-2.30000495910645
-2.30461549758911,6.83355951309204,1.97048139572144,-1.38439095020294,0.957685828208923
-2.02011108398438,6.79084348678589,0.796736538410187,0.285137146711349,1.54528951644897
0.58771026134491,6.98705863952637,2.30754852294922,-2.33204412460327,-1.20963788032532
0.189519003033638,6.64339113235474,-1.29364824295044,-0.404379934072495,0.749516546726227
2.80969595909119,8.21672821044922,1.93273258209229,-1.29436850547791,-0.537372171878815
0.746042013168335,5.98168992996216,0.941914796829224,-2.75669026374817,-1.46437728404999
0.535300195217133,6.98564338684082,1.33734381198883,-0.851742267608643,-0.0336663722991943
-0.283238291740417,6.94884920120239,1.25607705116272,-1.81348299980164,-3.10901498794556
-0.783116340637207,8.03753471374512,1.2139413356781,-0.268518209457397,0.427896857261658
-3.12489056587219,6.04304027557373,0.36574375629425,-2.13066959381104,-1.14296984672546
0.160065427422523,6.3985013961792,0.391176342964172,-0.293433517217636,-1.63758742809296
-0.749208152294159,6.40018701553345,1.56286418437958,-0.0497958175837994,-0.0170962326228619
-0.88883912563324,9.77431392669678,1.64895153045654,-1.15291380882263,1.18810701370239
0.238071367144585,6.78467750549316,2.55622482299805,-1.2788519859314,-0.390552073717117
1.91861879825592,3.91854071617126,3.49449133872986,-0.136949479579926,-0.896748661994934
-0.313345462083817,6.7803840637207,1.70132052898407,-1.985680103302,0.170358315110207
0.916731119155884,5.58514165878296,2.73680210113525,-1.61287927627563,-0.345919549465179
1.52021455764771,5.31375885009766,-0.287325114011765,0.514499485492706,-0.182162418961525
-1.16952991485596,7.00390815734863,-0.145115405321121,-1.18822276592255,0.981062114238739
-1.00275194644928,8.17074966430664,0.509220123291016,-3.48945474624634,1.80035424232483
-0.40559995174408,5.42485570907593,2.99925136566162,0.143934160470963,-0.4776271879673
0.29736652970314,7.67997360229492,-1.44111609458923,-2.26185584068298,-1.44535958766937
0.0731583461165428,6.86447620391846,1.04626512527466,-0.899174273014069,-0.96380889415741
-0.569730281829834,6.47381210327148,2.8412938117981,-1.08440732955933,0.927247107028961
-1.16123723983765,7.69731092453003,0.0890045240521431,0.344649493694305,1.54481947422028
0.616296887397766,5.97849798202515,-0.153153583407402,-0.490826904773712,1.15527844429016
-0.43867415189743,3.89993643760681,2.16973805427551,-2.47478246688843,-2.10253167152405
1.88035428524017,7.11829233169556,-0.108518235385418,-0.0208530202507973,-0.00690968567505479
-1.03080630302429,6.33194065093994,0.42282572388649,-0.32023748755455,0.779285728931427
3.17379808425903,4.16008424758911,0.860705137252808,-0.264560401439667,-1.07075703144073
-0.671635985374451,6.56741809844971,0.476893693208694,-2.25851631164551,0.409949481487274
1.4269210100174,3.89399218559265,2.21858763694763,-1.23627734184265,-0.39322891831398
-1.8121086359024,6.33078050613403,3.28459501266479,-0.821236491203308,-0.505525887012482
-1.08421778678894,5.46399879455566,1.65134143829346,-1.63563847541809,-1.8602569103241
-1.15364384651184,7.45800638198853,0.856929957866669,-0.763232469558716,1.57186281681061
0.895015358924866,6.14269971847534,0.381629258394241,-1.36946356296539,0.855746567249298
-1.34900844097137,4.33431529998779,3.26818156242371,-1.2059850692749,2.10089707374573
0.774174690246582,7.10248422622681,-0.695235848426819,-2.00447940826416,-0.28362187743187
2.12660479545593,7.01828813552856,0.72820782661438,-0.697446942329407,-0.754627466201782
-0.384038478136063,5.54791736602783,2.96096563339233,-2.57046985626221,-0.642884254455566
0.210136517882347,5.53738069534302,0.0413308963179588,-4.36872911453247,0.262758165597916
-2.03704023361206,4.72638273239136,0.162425845861435,-0.936934232711792,-0.0734303146600723
1.20565903186798,5.9545373916626,2.73623085021973,-0.125020012259483,-0.00258546671830118
0.159384116530418,7.64276123046875,0.0454246401786804,-0.419185191392899,0.566354334354401
1.59084510803223,5.73046588897705,0.428947120904922,0.591475605964661,-1.07334542274475
-0.0723619908094406,5.60097789764404,2.70482397079468,-0.924668669700623,-0.0644691661000252
-1.08756268024445,5.64721250534058,0.350378274917603,-3.7997784614563,-0.743450045585632
0.849210560321808,4.56804656982422,3.37496185302734,1.40716445446014,-0.265785723924637
1.57334864139557,6.46149921417236,2.17003655433655,1.298903465271,-0.7452512383461
-2.21434235572815,4.76233720779419,1.75108349323273,-1.94461417198181,2.32749700546265
-1.8108047246933,3.01791000366211,3.16689324378967,-1.10723006725311,-0.572347342967987
0.291814625263214,6.2932014465332,-1.90401864051819,-2.27761220932007,0.269241273403168
2.36553692817688,5.95207595825195,-1.28764057159424,-0.0851761251688004,1.77247416973114
-1.14475166797638,6.80953454971313,0.981497526168823,-0.948870956897736,-0.98406708240509
0.119408316910267,7.33410310745239,0.225947916507721,-1.5300110578537,0.37486207485199
1.15419578552246,4.5506386756897,1.61056745052338,-2.38934350013733,-0.0862578600645065
1.73971354961395,5.65311622619629,-0.721401214599609,-1.76233291625977,-0.71601814031601
1.23362672328949,6.20365238189697,1.45410203933716,-0.923440337181091,0.705063223838806
-2.12293148040771,8.13112258911133,-0.496219724416733,-2.79479932785034,1.25153410434723
-2.54839968681335,6.21276807785034,1.79887175559998,-0.792175054550171,-2.59859848022461
-0.0694422721862793,6.24120378494263,-1.40341603755951,1.0794517993927,1.3134024143219
0.350865215063095,8.04904460906982,3.46964859962463,-1.10769176483154,-0.447889626026154
-0.607873976230621,4.68617296218872,2.93942523002625,-2.06688714027405,0.295004159212112
-1.63269340991974,6.99323415756226,0.195371612906456,-1.03762066364288,0.650045692920685
0.405072331428528,6.68822574615479,2.2007110118866,-1.07944238185883,-0.203927740454674
0.656188368797302,6.47446012496948,-0.566087603569031,-0.517259180545807,-0.451308906078339
-1.65022540092468,8.0417423248291,2.86742258071899,-0.426776975393295,-0.706024289131165
-0.775205433368683,5.15016078948975,0.780052185058594,0.865047097206116,0.0362754613161087
0.606469929218292,9.0806827545166,0.553760886192322,-3.04121160507202,2.08870220184326
3.18355536460876,7.8081259727478,2.75542807579041,-0.713343441486359,-0.116440124809742
-0.0313243754208088,7.96820259094238,-0.339293628931046,-3.57891893386841,0.936972200870514
2.56366062164307,5.62159395217896,-0.00463045481592417,-2.87585186958313,-0.147014752030373
-0.962164163589478,7.61084079742432,0.395005017518997,-1.79112660884857,0.294058263301849
1.47117102146149,4.75222778320312,3.25673890113831,-0.608609199523926,-1.01785039901733
-0.213975444436073,6.46077919006348,-0.126464858651161,-1.56164038181305,0.89736545085907
0.234387710690498,8.13143920898438,-0.0781392529606819,-1.96652507781982,-0.852644622325897
6.99027442932129,-0.330810219049454,0.0795834735035896,7.88385915756226,0.110399335622787
7.79926013946533,0.700520038604736,0.439927339553833,9.80253601074219,0.0653468742966652
4.46259880065918,-3.356116771698,-1.49254202842712,6.36590480804443,-2.214031457901
7.31740236282349,-1.36886894702911,1.89218592643738,9.38371562957764,-1.65654766559601
5.06282138824463,-1.02618491649628,-1.99606728553772,6.05531740188599,-3.30070209503174
5.66317701339722,0.836350321769714,0.672610819339752,8.30232620239258,-2.27719950675964
7.64752864837646,0.41275542974472,-0.839401543140411,7.41429281234741,0.509921789169312
6.63509845733643,-0.601583302021027,-2.21596550941467,8.19445323944092,-1.13155710697174
6.41606092453003,-0.773861706256866,-0.0859918966889381,8.2938985824585,-1.06287312507629
4.48386144638062,0.715032517910004,-1.60302007198334,7.80947351455688,0.271688878536224
9.34345531463623,-0.307249844074249,1.02797746658325,8.02903938293457,-2.33030724525452
8.4477596282959,-0.368126302957535,-0.373170614242554,5.99017763137817,2.13111758232117
7.45779132843018,-0.437235057353973,1.88591980934143,9.44702816009521,0.461332559585571
8.84572792053223,-1.35487079620361,-0.177701413631439,7.41762924194336,0.1654933989048
5.43168020248413,0.0683421045541763,-0.114954084157944,8.17661285400391,-0.208322197198868
7.16240835189819,-0.826349496841431,0.580391764640808,7.87138032913208,2.80667161941528
8.90487003326416,0.80514395236969,0.498669117689133,9.06433868408203,-1.40035390853882
7.63436698913574,0.384062141180038,-2.34510231018066,8.71028995513916,-1.82218515872955
6.33946847915649,0.748040497303009,0.229672983288765,8.14979553222656,-0.669988095760345
9.85512351989746,0.0580995194613934,0.793923318386078,7.87161636352539,-0.609725296497345
6.69162559509277,-0.564162909984589,0.553800582885742,6.37671375274658,-2.34224033355713
7.88094854354858,0.829846560955048,-0.818526923656464,7.58470058441162,-0.327919244766235
7.62402963638306,0.152702376246452,2.36321020126343,9.3483715057373,-0.183724209666252
5.77277851104736,2.10774731636047,-1.17345368862152,7.90767383575439,-0.170974597334862
7.74103021621704,0.719049274921417,2.24400305747986,8.05762672424316,-1.49365997314453
6.28083229064941,0.541353344917297,-0.805032789707184,8.27294826507568,-1.0439213514328
4.70859241485596,0.102240212261677,-1.14183688163757,8.88878726959229,-1.3148820400238
6.38781785964966,-0.40866693854332,0.575962662696838,7.96421146392822,-0.421630620956421
9.00979709625244,0.307948589324951,0.827010333538055,7.93258762359619,-0.462768733501434
4.82313203811646,-1.13312685489655,-0.170172974467278,7.34215831756592,-1.76859307289124
6.62354850769043,2.59558081626892,-1.09371626377106,9.53668117523193,-0.301507532596588
7.71352291107178,-0.669388294219971,0.250571101903915,8.37485599517822,-0.303421884775162
7.2020435333252,1.1236172914505,0.301152855157852,9.91779613494873,-2.38015151023865
6.87329196929932,0.511671960353851,-1.17204785346985,8.2340612411499,-0.144082307815552
5.92746925354004,-0.776278495788574,2.4538950920105,7.28641700744629,-2.63166046142578
7.06566858291626,0.732251346111298,0.462837398052216,5.9326229095459,-0.643769145011902
3.87779784202576,-0.0230759661644697,1.30053305625916,7.76047468185425,0.61068594455719
6.92467021942139,-0.773857891559601,1.51663792133331,7.03733539581299,-0.159471929073334
6.85829639434814,0.460530370473862,-0.488076090812683,7.79116630554199,-1.32969868183136
7.75307750701904,-0.72684782743454,-0.035996850579977,6.74579858779907,-0.982191562652588
7.43147993087769,1.16056871414185,1.29952847957611,9.18511009216309,-1.28710174560547
6.38255214691162,-0.544747650623322,2.66175317764282,7.21423435211182,-1.02858650684357
7.87528991699219,0.380721151828766,1.06344044208527,7.15251159667969,-1.0203343629837
7.58749294281006,0.737166106700897,-0.622051656246185,6.85980033874512,-0.826818227767944
5.80050325393677,-1.09996581077576,0.218858733773232,6.82207012176514,-2.98923015594482
6.60094499588013,-1.52909111976624,0.114169836044312,6.76110363006592,1.05852174758911
7.53141832351685,0.578309834003448,0.0155887790024281,8.34835147857666,-1.91579639911652
7.07090425491333,0.0963864028453827,0.780318260192871,7.0750846862793,-0.956797957420349
5.98213577270508,0.0111394533887506,-2.48877501487732,7.25106811523438,-2.23867297172546
7.13050508499146,-1.39607179164886,-0.625919222831726,7.28165054321289,-0.652207136154175
4.52928781509399,-0.691561281681061,0.315913647413254,6.9194803237915,-2.9740035533905
7.51910018920898,-1.93604874610901,0.623445272445679,8.90478897094727,-0.569428086280823
9.07772922515869,-1.18647432327271,0.594263195991516,6.35953426361084,-1.66122937202454
7.11581659317017,-0.225446403026581,-4.02500581741333,7.12230110168457,-1.67211842536926
8.81730651855469,-0.00121234683319926,0.917191803455353,9.61200523376465,0.292404383420944
5.97853803634644,0.740674555301666,0.561400711536407,8.29383277893066,-0.145231693983078
4.10664415359497,-0.606243252754211,-0.153324082493782,7.73918867111206,-2.01836633682251
7.13649463653564,0.455226361751556,1.36646592617035,8.64759349822998,-2.00425624847412
7.11076498031616,0.353760987520218,2.72926998138428,9.90811443328857,-1.02433395385742
6.08419036865234,0.529847741127014,-0.30149519443512,8.92232608795166,-1.55804109573364
5.96602773666382,-0.700557172298431,1.02796852588654,7.85493659973145,-2.66563582420349
6.04811811447144,-0.628400683403015,1.52002692222595,6.98410081863403,0.287860184907913
7.62641763687134,-0.601300776004791,0.401547610759735,8.16531085968018,-1.83261716365814
5.66896533966064,-0.740059614181519,1.46538853645325,7.61040496826172,-1.81976795196533
5.36734771728516,-1.44879698753357,-1.22922873497009,8.21885299682617,-2.43117809295654
4.00437688827515,-0.127373084425926,0.185674145817757,8.4675235748291,0.263790309429169
9.46928119659424,1.32714879512787,-0.011674496345222,8.49245357513428,-1.61878144741058
6.60882425308228,0.670632421970367,0.784886538982391,9.5766487121582,-1.94862198829651
3.85796856880188,0.0409183278679848,-1.79287779331207,7.94743347167969,-1.95027756690979
7.57751226425171,-0.138551354408264,0.364680886268616,7.97880554199219,-0.571444869041443
8.04068756103516,-1.25653886795044,1.84392058849335,7.58977699279785,0.380973398685455
9.43090343475342,-0.0579187572002411,0.996595084667206,8.44523239135742,-1.49692332744598
8.43720245361328,1.78659176826477,-0.565485000610352,8.68433284759521,-1.66977500915527
7.40821838378906,1.67445874214172,-0.511026859283447,8.32343864440918,-4.07117366790771
6.02659797668457,-0.754072725772858,0.400568902492523,7.92244243621826,-2.2538845539093
7.68215799331665,0.642860591411591,0.0149054368957877,7.32365798950195,-0.510695338249207
8.35620784759521,1.30361747741699,0.551267504692078,8.74655723571777,-2.69127297401428
7.30875492095947,0.417584955692291,-1.4083696603775,6.97330045700073,0.922662436962128
6.15672397613525,-0.754840433597565,2.78581762313843,6.7851824760437,-3.1496410369873
7.34720182418823,1.8386082649231,-1.23711287975311,8.10605335235596,-0.912275016307831
7.591392993927,0.19460466504097,0.803322792053223,7.88265609741211,-2.28181385993958
